"","text","favorited","favoriteCount","replyToSN","created","truncated","replyToSID","id","replyToUID","statusSource","screenName","retweetCount","isRetweet","retweeted","longitude","latitude"
"1","RT @LovUniverse: Please #help #donate #support #GermanShepherd #Animals #Dogs https://t.co/kO96UEYkpp",FALSE,0,NA,2019-02-25 18:52:25,FALSE,NA,"1100106259834028032",NA,"<a href=""http://twitter.com"" rel=""nofollow"">Twitter Web Client</a>","righttospeak3",1,TRUE,FALSE,NA,NA
"2","#Odin stayed with his family's 8 goats through the #wildfires that raged around the family's house in #California i‚Ä¶ https://t.co/vvDLOXeZwq",FALSE,0,NA,2019-02-25 18:52:20,TRUE,NA,"1100106236849283073",NA,"<a href=""http://twitter.com"" rel=""nofollow"">Twitter Web Client</a>","paulinepark",0,FALSE,FALSE,NA,NA
"3","RT @nowthatsbully: Who‚Äôs side are you on? #dogs #pets https://t.co/Y743YWznCd",FALSE,0,NA,2019-02-25 18:52:06,FALSE,NA,"1100106179173339137",NA,"<a href=""http://twitter.com/download/iphone"" rel=""nofollow"">Twitter for iPhone</a>","STROKJAVIC",159,TRUE,FALSE,NA,NA
"4","RT @Cory__1077: I just wanted to say a big THANK YOU to everyone today for all the kindness and support after my ludicrous suspension on he‚Ä¶",FALSE,0,NA,2019-02-25 18:52:01,FALSE,NA,"1100106157668982785",NA,"<a href=""http://twitter.com/download/android"" rel=""nofollow"">Twitter for Android</a>","DragonForce_One",513,TRUE,FALSE,NA,NA
"5","RT @nowthatsbully: Who‚Äôs side are you on? #dogs #pets https://t.co/Y743YWznCd",FALSE,0,NA,2019-02-25 18:51:55,FALSE,NA,"1100106133266669569",NA,"<a href=""http://twitter.com/download/iphone"" rel=""nofollow"">Twitter for iPhone</a>","jessiicaaxoxxo",159,TRUE,FALSE,NA,NA
"6","RT @Garfield: Can't we all just get along? #FridayThoughts #MakeLasagnaNotWar #catsofinstagram #dogs #cats https://t.co/fXUSuH67fV",FALSE,0,NA,2019-02-25 18:51:54,FALSE,NA,"1100106129487597568",NA,"<a href=""https://mobile.twitter.com"" rel=""nofollow"">Twitter Web App</a>","AScottishHowler",142,TRUE,FALSE,NA,NA
"7","#dogs LOST #Somerset WI,USA, German Shepherd/Purebred, Nov.22/18, https://t.co/F3l3TiFS41 @lostdogsofwisc",FALSE,0,NA,2019-02-25 18:51:51,FALSE,NA,"1100106117097480198",NA,"<a href=""http://www.helpinglostpets.com"" rel=""nofollow"">Helping Lost Pets Tweet Service</a>","HelpingLostPets",0,FALSE,FALSE,NA,NA
"8","RT @BellaInxs2: This is the Mom instinct !!!       #PuppyPower #puppies #love #dogs #animals ‚ô•Ô∏èüê∂.    https://t.co/Bfj4TEZmLB",FALSE,0,NA,2019-02-25 18:51:27,FALSE,NA,"1100106013951307776",NA,"<a href=""http://twitter.com/#!/download/ipad"" rel=""nofollow"">Twitter for iPad</a>","angelchorus1",1477,TRUE,FALSE,NA,NA
"9","RT @GiveLuckyBack: This #Tweeter makes a great suggestion!  Until the #NYCACC can come clean on Spay/Neuter/KIll &amp; pure kill of #Cats &amp; #Do‚Ä¶",FALSE,0,NA,2019-02-25 18:51:08,FALSE,NA,"1100105935236689920",NA,"<a href=""http://twitter.com"" rel=""nofollow"">Twitter Web Client</a>","lorrainemiller7",3,TRUE,FALSE,NA,NA
"10","RT @PetMunchies: #win #giveaway of #PetMunchies #natural #dog  #pet #treats  #dogtreats  #trainingtreats #training #dogs #competition #dogs‚Ä¶",FALSE,0,NA,2019-02-25 18:51:03,FALSE,NA,"1100105915804643328",NA,"<a href=""https://mobile.twitter.com"" rel=""nofollow"">Twitter Web App</a>","leeronsmummy",123,TRUE,FALSE,NA,NA
"11","RT @BellaInxs2: This is the Mom instinct !!!       #PuppyPower #puppies #love #dogs #animals ‚ô•Ô∏èüê∂.    https://t.co/Bfj4TEZmLB",FALSE,0,NA,2019-02-25 18:50:59,FALSE,NA,"1100105897219481602",NA,"<a href=""http://twitter.com/download/android"" rel=""nofollow"">Twitter for Android</a>","KrazeeCatLaydee",1477,TRUE,FALSE,NA,NA
"12","RT @GrouciDjamila: .@realDonaldTrump .@EmmanuelMacron .@KremlinRussia_E .@moonriver365 .@Pontifex .@theresa_may 
This is the miserable life‚Ä¶",FALSE,0,NA,2019-02-25 18:50:34,FALSE,NA,"1100105793490374656",NA,"<a href=""https://mobile.twitter.com"" rel=""nofollow"">Twitter Web App</a>","Linusthesheepie",49,TRUE,FALSE,NA,NA
"13","Please #help #donate #support #GermanShepherd #Animals #Dogs https://t.co/kO96UEYkpp",FALSE,1,NA,2019-02-25 18:50:27,FALSE,NA,"1100105761429114881",NA,"<a href=""https://mobile.twitter.com"" rel=""nofollow"">Twitter Web App</a>","LovUniverse",1,FALSE,FALSE,NA,NA
"14","RT @res_pet: Lots of exciting developments in the works for $LRSV ! #pet #dogs #cats #CBD #Hemp. We look forward to updating shareholders v‚Ä¶",FALSE,0,NA,2019-02-25 18:50:10,FALSE,NA,"1100105692910940160",NA,"<a href=""https://mobile.twitter.com"" rel=""nofollow"">Twitter Web App</a>","Stiv67685028",56,TRUE,FALSE,NA,NA
"15","RT @res_pet: Lots of exciting developments in the works for $LRSV ! #pet #dogs #cats #CBD #Hemp. We look forward to updating shareholders v‚Ä¶",FALSE,0,NA,2019-02-25 18:50:09,FALSE,NA,"1100105687479263233",NA,"<a href=""http://twitter.com"" rel=""nofollow"">Twitter Web Client</a>","Grincent1",56,TRUE,FALSE,NA,NA
"16","If the well being of #Animals is a top priority  of @MayorJValdivia, why is he using a #FrankMacomber - a Police Of‚Ä¶ https://t.co/hdndrjZqdi",FALSE,0,NA,2019-02-25 18:49:56,TRUE,NA,"1100105634043781120",NA,"<a href=""http://twitter.com"" rel=""nofollow"">Twitter Web Client</a>","GiveLuckyBack",0,FALSE,FALSE,NA,NA
"17","RT @Eljackson25: Purple and White Small Dog Crochet Sweater https://t.co/kr6I3F410y via @Etsy #etsy #handmade #crochet #dogs #smalldogs #do‚Ä¶",FALSE,0,NA,2019-02-25 18:49:55,FALSE,NA,"1100105629069438980",NA,"<a href=""http://twitter.com"" rel=""nofollow"">Twitter Web Client</a>","mlnostalgia",6,TRUE,FALSE,NA,NA
"18","Foster human got bit by the #spring cleaning bug that flew in the open windows today, We are helpingüò¥üí§ #lazydogs‚Ä¶ https://t.co/TnypuSaFF9",FALSE,3,NA,2019-02-25 18:49:53,TRUE,NA,"1100105621037305856",NA,"<a href=""http://twitter.com"" rel=""nofollow"">Twitter Web Client</a>","AMuttleyCrew",0,FALSE,FALSE,NA,NA
"19","@Marylaw55555 If the well being of #Animals is a top priority  of @MayorJValdivia, why is he using a #FrankMacomber‚Ä¶ https://t.co/sPj3ZFyIyD",FALSE,0,"Marylaw55555",2019-02-25 18:49:46,TRUE,"1100096937083260928","1100105592494993408","950498201018118144","<a href=""http://twitter.com"" rel=""nofollow"">Twitter Web Client</a>","GiveLuckyBack",0,FALSE,FALSE,NA,NA
"20","RT @MADRADogRescue: Spike and Rocky were surrendered together so we would love to keep them together.
Spike can be little anxious but Rocky‚Ä¶",FALSE,0,NA,2019-02-25 18:49:04,FALSE,NA,"1100105416669831173",NA,"<a href=""http://twitter.com/download/android"" rel=""nofollow"">Twitter for Android</a>","donken37",12,TRUE,FALSE,NA,NA
"21","RT @HelpingLostPets: #dogs LOST #Houston TX,USA, Great Dane, Nov.30/18, https://t.co/ZFgKsXsmGB @LostDogTX",FALSE,0,NA,2019-02-25 18:49:01,FALSE,NA,"1100105401482108934",NA,"<a href=""https://mobile.twitter.com"" rel=""nofollow"">Twitter Web App</a>","GnomeGnuts",1,TRUE,FALSE,NA,NA
"22","Gotta love some static electricity!

https://t.co/COwh6lIBC4

https://t.co/m3vsj6Jbsg

#dog #dogs #dogpacks‚Ä¶ https://t.co/fh43DtElpO",FALSE,0,NA,2019-02-25 18:48:51,TRUE,NA,"1100105358146560004",NA,"<a href=""http://instagram.com"" rel=""nofollow"">Instagram</a>","soulmuttsTO",0,FALSE,FALSE,NA,NA
"23","RT @BellaInxs2: This is the Mom instinct !!!       #PuppyPower #puppies #love #dogs #animals ‚ô•Ô∏èüê∂.    https://t.co/Bfj4TEZmLB",FALSE,0,NA,2019-02-25 18:48:50,FALSE,NA,"1100105355726647297",NA,"<a href=""http://twitter.com/download/android"" rel=""nofollow"">Twitter for Android</a>","FedUpwDemsLIES",1477,TRUE,FALSE,NA,NA
"24","RT @fire_spell: Some witches have cats...I have this guy. I've been sick and he's just with me, keeping me warm.  Tiberius rocks!   #dogsof‚Ä¶",FALSE,0,NA,2019-02-25 18:48:31,FALSE,NA,"1100105277716742146",NA,"<a href=""http://twitter.com/download/iphone"" rel=""nofollow"">Twitter for iPhone</a>","BitchyWitch9",2,TRUE,FALSE,NA,NA
"25","RT @res_pet: Lots of exciting developments in the works for $LRSV ! #pet #dogs #cats #CBD #Hemp. We look forward to updating shareholders v‚Ä¶",FALSE,0,NA,2019-02-25 18:48:31,FALSE,NA,"1100105276512968704",NA,"<a href=""https://mobile.twitter.com"" rel=""nofollow"">Twitter Web App</a>","Jahongi30961248",56,TRUE,FALSE,NA,NA
"26","RT @scamperspets: Today for ‚ÄúRooster‚Äù was a great day for rolling around in the grass....üòÑüòÑüêæüêæ‚ù§Ô∏è #littledownham #ely #dogs #Frenchies https:‚Ä¶",FALSE,0,NA,2019-02-25 18:48:23,FALSE,NA,"1100105243784822784",NA,"<a href=""http://twitter.com/#!/download/ipad"" rel=""nofollow"">Twitter for iPad</a>","scamperspets",1,TRUE,FALSE,NA,NA
"27","RT @scamperspets: Today was also a VERY BIG day for ‚ÄúSardine‚Äù ......finally she got to try out the @iClean_Dog_Wash in store at Scampers bu‚Ä¶",FALSE,0,NA,2019-02-25 18:48:19,FALSE,NA,"1100105225870954496",NA,"<a href=""http://twitter.com/#!/download/ipad"" rel=""nofollow"">Twitter for iPad</a>","scamperspets",3,TRUE,FALSE,NA,NA
"28","RT @BellaInxs2: This is the Mom instinct !!!       #PuppyPower #puppies #love #dogs #animals ‚ô•Ô∏èüê∂.    https://t.co/Bfj4TEZmLB",FALSE,0,NA,2019-02-25 18:48:09,FALSE,NA,"1100105182040465411",NA,"<a href=""http://twitter.com/download/iphone"" rel=""nofollow"">Twitter for iPhone</a>","barry0183",1477,TRUE,FALSE,NA,NA
"29","RT @DaneRingo: Laying in the sun for the first time in 5 months #dog #dogs #DogsAreBetterThanPeople #DogsofTwitter #MondayBlues #MondayMood‚Ä¶",FALSE,0,NA,2019-02-25 18:48:04,FALSE,NA,"1100105161517776896",NA,"<a href=""http://twitter.com/#!/download/ipad"" rel=""nofollow"">Twitter for iPad</a>","GBreakfield",3,TRUE,FALSE,NA,NA
"30","Quiet for a minute. #dakotaraegrace #doglover #hounddog #furryfriends #lazydogs #dogsofinstagram #dog #dogs‚Ä¶ https://t.co/mLBSNqbGuT",FALSE,0,NA,2019-02-25 18:47:45,TRUE,NA,"1100105082132226049",NA,"<a href=""https://ifttt.com"" rel=""nofollow"">IFTTT</a>","crhinehart",0,FALSE,FALSE,NA,NA
"31","RT @GiveLuckyBack: As #Citizens we deserve answers over propaganda regarding #Pets in #NYC.These #Cats &amp; #Dogs aren't statistics.  They are‚Ä¶",FALSE,0,NA,2019-02-25 18:47:36,FALSE,NA,"1100105045440376832",NA,"<a href=""http://twitter.com/download/android"" rel=""nofollow"">Twitter for Android</a>","texor2012",3,TRUE,FALSE,NA,NA
"32","RT @lillarossin: Me every morning before work üòÇ My old man ‚ù§ 
#dogsoftwitter #MondayMorning #tired #GermanShepherd #SleepingBeauty #dogs #R‚Ä¶",FALSE,0,NA,2019-02-25 18:47:35,FALSE,NA,"1100105041820684292",NA,"<a href=""https://cricknation.com"" rel=""nofollow"">Search Tweets on Your Interest</a>","joepawdog",1,TRUE,FALSE,NA,NA
"33","Something tells me she likes the rug

Algo me dice que le gusta la alfombra

#dogs  #dogslife #dogsontwitter #pets https://t.co/XJAY4qNYHi",FALSE,0,NA,2019-02-25 18:47:11,FALSE,NA,"1100104940830240769",NA,"<a href=""http://twitter.com/download/android"" rel=""nofollow"">Twitter for Android</a>","AnarionKayto",0,FALSE,FALSE,NA,NA
"34","RT @k9_save: @PWPartners1 maybe you saw this article ? ü§î#davidferguson #johnmckee you guys are irish ‚òòÔ∏è right ? @IrishEcho #savek9mattie #B‚Ä¶",FALSE,0,NA,2019-02-25 18:46:52,FALSE,NA,"1100104862832971777",NA,"<a href=""http://twitter.com/download/android"" rel=""nofollow"">Twitter for Android</a>","cam8076",2,TRUE,FALSE,NA,NA
"35","RT @BellaInxs2: This is the Mom instinct !!!       #PuppyPower #puppies #love #dogs #animals ‚ô•Ô∏èüê∂.    https://t.co/Bfj4TEZmLB",FALSE,0,NA,2019-02-25 18:46:45,FALSE,NA,"1100104831912402947",NA,"<a href=""http://twitter.com/download/android"" rel=""nofollow"">Twitter for Android</a>","sasmenot2022",1477,TRUE,FALSE,NA,NA
"36","RT @LTTheoryOfPets: Announcing our first star, Chewie from @Jinksandchewie. Also, we're pleased to announce that any money made over our go‚Ä¶",FALSE,0,NA,2019-02-25 18:46:29,FALSE,NA,"1100104764342165505",NA,"<a href=""http://twitter.com/download/iphone"" rel=""nofollow"">Twitter for iPhone</a>","lathomas_lynne",17,TRUE,FALSE,NA,NA
"37","RT @fire_spell: Some witches have cats...I have this guy. I've been sick and he's just with me, keeping me warm.  Tiberius rocks!   #dogsof‚Ä¶",FALSE,0,NA,2019-02-25 18:46:28,FALSE,NA,"1100104759598559232",NA,"<a href=""http://twitter.com"" rel=""nofollow"">Twitter Web Client</a>","julidrevezzo",2,TRUE,FALSE,NA,NA
"38","RT @HelpingLostPets: #dogs LOST #Orlando FL,USA, Poodle Miniature, Jan.01/19, https://t.co/anwmTY21GZ @LostDogsFlorida",FALSE,0,NA,2019-02-25 18:46:21,FALSE,NA,"1100104731937132544",NA,"<a href=""http://twitter.com"" rel=""nofollow"">Twitter Web Client</a>","NiomiNiomid",2,TRUE,FALSE,NA,NA
"39","RT @kyhumane: Meet the sweetest little girl, Krissy! Krissy is a ten-month-old American Pit Bull Terrier mix who came to @kyhumane from an‚Ä¶",FALSE,0,NA,2019-02-25 18:46:16,FALSE,NA,"1100104709979791360",NA,"<a href=""http://twitter.com"" rel=""nofollow"">Twitter Web Client</a>","lorrainemiller7",58,TRUE,FALSE,NA,NA
"40","RT @chattykathys: Playing at the park this morning #offleash #park #pomeranian #porky (#pomyorkie) #dogsofinstagram #dogs #sunnyday #windy‚Ä¶",FALSE,0,NA,2019-02-25 18:46:05,FALSE,NA,"1100104663226085376",NA,"<a href=""https://cricknation.com"" rel=""nofollow"">Search Tweets on Your Interest</a>","joepawdog",1,TRUE,FALSE,NA,NA
"41","RT @SandraK93322487: These #dogs are all #sick , either they have kennel cough or green nasal dischargeüò≠üíî To this day they have never been‚Ä¶",FALSE,0,NA,2019-02-25 18:45:42,FALSE,NA,"1100104568896135168",NA,"<a href=""http://twitter.com"" rel=""nofollow"">Twitter Web Client</a>","marty27",75,TRUE,FALSE,NA,NA
"42","RT @gsrescueelite: 5yr old Koda needs a new home as his current home don't have the time to give him what he needs, he can live with older‚Ä¶",FALSE,0,NA,2019-02-25 18:45:34,FALSE,NA,"1100104534293184512",NA,"<a href=""http://twitter.com/download/android"" rel=""nofollow"">Twitter for Android</a>","dawnr1811",26,TRUE,FALSE,NA,NA
"43","RT @BellaInxs2: This is the Mom instinct !!!       #PuppyPower #puppies #love #dogs #animals ‚ô•Ô∏èüê∂.    https://t.co/Bfj4TEZmLB",FALSE,0,NA,2019-02-25 18:45:27,FALSE,NA,"1100104503368605698",NA,"<a href=""http://twitter.com/download/iphone"" rel=""nofollow"">Twitter for iPhone</a>","prehmbo",1477,TRUE,FALSE,NA,NA
"44","It was reported that the dogs were scheduled to be euthanised on February 22
#BoxerMix #Dogs #US 
https://t.co/QH6i76rapq",FALSE,0,NA,2019-02-25 18:45:23,FALSE,NA,"1100104489317617666",NA,"<a href=""https://about.twitter.com/products/tweetdeck"" rel=""nofollow"">TweetDeck</a>","SamaaEnglish",0,FALSE,FALSE,NA,NA
"45","RT @HelpingLostPets: #dogs LOST #Akron OH,USA, Jack Russell Terrier, Jun.29/15, https://t.co/FbgB3sxHJp @LostDogsOhio",FALSE,0,NA,2019-02-25 18:45:15,FALSE,NA,"1100104452617527297",NA,"<a href=""http://twitter.com"" rel=""nofollow"">Twitter Web Client</a>","NiomiNiomid",3,TRUE,FALSE,NA,NA
"46","RT @elusive_1_: Morning everyone!
Have a brilliant weekend!
üê∂ü•Ωüê∂ü•Ωüê∂ü•Ωüê∂ü•Ωüê∂ü•Ωüê∂
#SaturdayThoughts #cute #dogs #SaturdayMotivation #love #life #good‚Ä¶",FALSE,0,NA,2019-02-25 18:45:12,FALSE,NA,"1100104442739916802",NA,"<a href=""http://twitter.com"" rel=""nofollow"">Twitter Web Client</a>","veronicakent19",140,TRUE,FALSE,NA,NA
"47","RT @nowthatsbully: Who‚Äôs side are you on? #dogs #pets https://t.co/Y743YWznCd",FALSE,0,NA,2019-02-25 18:45:07,FALSE,NA,"1100104421952901120",NA,"<a href=""http://twitter.com/download/iphone"" rel=""nofollow"">Twitter for iPhone</a>","MattCopeland72",159,TRUE,FALSE,NA,NA
"48","RT @FLOOF_uk: ‚ô•Ô∏èValentina is ready for adoption‚ô•Ô∏è this little one is ready to find her happy ever after.. click on the link for more info h‚Ä¶",FALSE,0,NA,2019-02-25 18:45:05,FALSE,NA,"1100104411987226624",NA,"<a href=""http://twitter.com/download/android"" rel=""nofollow"">Twitter for Android</a>","MsTKIndeed",6,TRUE,FALSE,NA,NA
"49","RT @otterschnauzer: ‚ÄúThe highest form of knowledge is #empathy, for it requires us to suspend our egos and live in another‚Äôs world...‚Äù 

An‚Ä¶",FALSE,0,NA,2019-02-25 18:45:04,FALSE,NA,"1100104407054716929",NA,"<a href=""http://twitter.com/download/iphone"" rel=""nofollow"">Twitter for iPhone</a>","neyhartmike",2,TRUE,FALSE,NA,NA
"50","RT @LinkedSupply: Looking For Quality Then Check This Out
all you need .........
Click On This Link https://t.co/2x8qwA0cPP
  #tweetuk  #pe‚Ä¶",FALSE,0,NA,2019-02-25 18:45:03,FALSE,NA,"1100104404148146176",NA,"<a href=""http://twitter.com"" rel=""nofollow"">Twitter Web Client</a>","ConstructionUKs",2,TRUE,FALSE,NA,NA
"51","RT @res_pet: Lots of exciting developments in the works for $LRSV ! #pet #dogs #cats #CBD #Hemp. We look forward to updating shareholders v‚Ä¶",FALSE,0,NA,2019-02-25 18:44:55,FALSE,NA,"1100104372292329472",NA,"<a href=""http://twitter.com"" rel=""nofollow"">Twitter Web Client</a>","A22235918",56,TRUE,FALSE,NA,NA
"52","That time JoJo wanted to sit like a person. #pooch #floof #StaffordshireBullTerrier #staffielife #Savage #dog #dogs‚Ä¶ https://t.co/xBZPpYIGxX",FALSE,0,NA,2019-02-25 18:44:52,TRUE,NA,"1100104355972296705",NA,"<a href=""http://twitter.com/download/android"" rel=""nofollow"">Twitter for Android</a>","AndersRP619",0,FALSE,FALSE,NA,NA
"53","Come by my on line pet store @yourpamperedpetz.com #paws #pets #dogs #cat #seniorpets #workingpets #guidedog‚Ä¶ https://t.co/kskEBcB02a",FALSE,0,NA,2019-02-25 18:44:40,TRUE,NA,"1100104308362641409",NA,"<a href=""http://twitter.com"" rel=""nofollow"">Twitter Web Client</a>","PetzYour",0,FALSE,FALSE,NA,NA
"54","RT @BellaInxs2: This is the Mom instinct !!!       #PuppyPower #puppies #love #dogs #animals ‚ô•Ô∏èüê∂.    https://t.co/Bfj4TEZmLB",FALSE,0,NA,2019-02-25 18:44:40,FALSE,NA,"1100104306366271488",NA,"<a href=""http://twitter.com/download/iphone"" rel=""nofollow"">Twitter for iPhone</a>","Lrod49",1477,TRUE,FALSE,NA,NA
"55","#dogs LOST #Houston TX,USA, Great Dane, Nov.30/18, https://t.co/ZFgKsXsmGB @LostDogTX",FALSE,1,NA,2019-02-25 18:44:20,FALSE,NA,"1100104224929505280",NA,"<a href=""http://www.helpinglostpets.com"" rel=""nofollow"">Helping Lost Pets Tweet Service</a>","HelpingLostPets",1,FALSE,FALSE,NA,NA
"56","RT @nowthatsbully: Who‚Äôs side are you on? #dogs #pets https://t.co/Y743YWznCd",FALSE,0,NA,2019-02-25 18:44:16,FALSE,NA,"1100104207808512000",NA,"<a href=""http://twitter.com/download/iphone"" rel=""nofollow"">Twitter for iPhone</a>","Bablomelly",159,TRUE,FALSE,NA,NA
"57","RT @Pudge_Rodriguez: With the queen üëë of the house üê∂  con la reina de la casa #Dara #dogs #doglover #doglovers https://t.co/NSsARCpoSn",FALSE,0,NA,2019-02-25 18:44:13,FALSE,NA,"1100104193883422720",NA,"<a href=""http://twitter.com/download/android"" rel=""nofollow"">Twitter for Android</a>","Johnveith8",4,TRUE,FALSE,NA,NA
"58","RT @HelpingLostPets: #dogs REUNITED #Phoenix AZ,USA, Pit Bull, Feb.12/19, https://t.co/bZSpNnnB6l @LostDogsArizona",FALSE,0,NA,2019-02-25 18:44:10,FALSE,NA,"1100104181992640514",NA,"<a href=""http://twitter.com"" rel=""nofollow"">Twitter Web Client</a>","NiomiNiomid",2,TRUE,FALSE,NA,NA
"59","RT @HelpingLostPets: #dogs LOST #Galloway OH,USA, Mix, Feb.24/19, https://t.co/7EyAuyCZLu",FALSE,0,NA,2019-02-25 18:43:58,FALSE,NA,"1100104130729832448",NA,"<a href=""http://twitter.com"" rel=""nofollow"">Twitter Web Client</a>","NiomiNiomid",2,TRUE,FALSE,NA,NA
"60","RT @HelpingLostPets: #dogs FOUND #Raymond MN,USA, Labrador Retriever, Feb.21/19, https://t.co/LucsbiNEiK @LostDogsMn",FALSE,0,NA,2019-02-25 18:43:47,FALSE,NA,"1100104085607497728",NA,"<a href=""http://twitter.com"" rel=""nofollow"">Twitter Web Client</a>","NiomiNiomid",6,TRUE,FALSE,NA,NA
"61","RT @SandraK93322487: These #dogs are all #sick , either they have kennel cough or green nasal dischargeüò≠üíî To this day they have never been‚Ä¶",FALSE,0,NA,2019-02-25 18:43:47,FALSE,NA,"1100104083405488128",NA,"<a href=""http://twitter.com"" rel=""nofollow"">Twitter Web Client</a>","marty27",35,TRUE,FALSE,NA,NA
"62","RT @andibeth012: @stephenmorphy11 @SandraK93322487 #America is not #Great! We treat companion pets #dogs #cats like disposable trash! I'm e‚Ä¶",FALSE,0,NA,2019-02-25 18:43:41,FALSE,NA,"1100104061297283072",NA,"<a href=""http://twitter.com"" rel=""nofollow"">Twitter Web Client</a>","SandraK93322487",1,TRUE,FALSE,NA,NA
"63","RT @BellaInxs2: This is the Mom instinct !!!       #PuppyPower #puppies #love #dogs #animals ‚ô•Ô∏èüê∂.    https://t.co/Bfj4TEZmLB",FALSE,0,NA,2019-02-25 18:43:36,FALSE,NA,"1100104037716934659",NA,"<a href=""http://twitter.com/download/iphone"" rel=""nofollow"">Twitter for iPhone</a>","NDSS20000",1477,TRUE,FALSE,NA,NA
"64","RT @MADRADogRescue: Spike and Rocky were surrendered together so we would love to keep them together.
Spike can be little anxious but Rocky‚Ä¶",FALSE,0,NA,2019-02-25 18:43:30,FALSE,NA,"1100104013259919364",NA,"<a href=""http://twitter.com/download/android"" rel=""nofollow"">Twitter for Android</a>","maevekerrygold",12,TRUE,FALSE,NA,NA
"65","RT @HelpingLostPets: #dogs LOST #Keller TX,USA, Blue Heeler, Apr.30/16, https://t.co/j4CvCKzyDU @LostDogTX",FALSE,0,NA,2019-02-25 18:43:22,FALSE,NA,"1100103980393340928",NA,"<a href=""http://twitter.com"" rel=""nofollow"">Twitter Web Client</a>","NiomiNiomid",2,TRUE,FALSE,NA,NA
"66","RT @MaryJoe38642126: .@TheBlueHouseENG .@TheBlueHouseKR
PLS HELP #Pass The #Proposed #Amendments:
@DrPyo to #BanDogAndCatSlaughter 
#Sangdo‚Ä¶",FALSE,0,NA,2019-02-25 18:43:07,FALSE,NA,"1100103917957013504",NA,"<a href=""http://twitter.com/download/android"" rel=""nofollow"">Twitter for Android</a>","Luana84473134",27,TRUE,FALSE,NA,NA
"67","RT @GiveLuckyBack: As #Citizens we deserve answers over propaganda regarding #Pets in #NYC.These #Cats &amp; #Dogs aren't statistics.  They are‚Ä¶",FALSE,0,NA,2019-02-25 18:43:03,FALSE,NA,"1100103902584659968",NA,"<a href=""http://twitter.com"" rel=""nofollow"">Twitter Web Client</a>","lorrainemiller7",3,TRUE,FALSE,NA,NA
"68","Some witches have cats...I have this guy. I've been sick and he's just with me, keeping me warm.  Tiberius rocks!‚Ä¶ https://t.co/PSVx1rGfu3",FALSE,13,NA,2019-02-25 18:42:45,TRUE,NA,"1100103827003457539",NA,"<a href=""http://twitter.com"" rel=""nofollow"">Twitter Web Client</a>","fire_spell",2,FALSE,FALSE,NA,NA
"69","Staff Sgt. Samantha Gassner and her very good boy LLoren #dogs https://t.co/AaZTZIHtPE",FALSE,0,NA,2019-02-25 18:42:25,FALSE,NA,"1100103743012511744",NA,"<a href=""https://ifttt.com"" rel=""nofollow"">IFTTT</a>","awwdailypics",0,FALSE,FALSE,NA,NA
"70","RT @HelpingLostPets: #dogs LOST #Marshall TX,USA, Pit Bull, Feb.19/19, https://t.co/HHOlJJv3VE @LostDogTX",FALSE,0,NA,2019-02-25 18:42:24,FALSE,NA,"1100103737291534343",NA,"<a href=""http://twitter.com"" rel=""nofollow"">Twitter Web Client</a>","NiomiNiomid",2,TRUE,FALSE,NA,NA
"71","Little dude went from the streets of TN to a depressing kill shelter, to a rescue barn, to a transport bus, to CT a‚Ä¶ https://t.co/hoZpMTwynz",FALSE,0,NA,2019-02-25 18:42:23,TRUE,NA,"1100103733462138882",NA,"<a href=""https://ifttt.com"" rel=""nofollow"">IFTTT</a>","awwdailypics",0,FALSE,FALSE,NA,NA
"72","RT @HelpingLostPets: #dogs FOUND #Houston TX,USA, Siberian Husky, Feb.11/19, https://t.co/FyOWWm1TUD @LostDogTX",FALSE,0,NA,2019-02-25 18:42:15,FALSE,NA,"1100103697277878275",NA,"<a href=""http://twitter.com"" rel=""nofollow"">Twitter Web Client</a>","NiomiNiomid",2,TRUE,FALSE,NA,NA
"73","RT @Pudge_Rodriguez: With the queen üëë of the house üê∂  con la reina de la casa #Dara #dogs #doglover #doglovers https://t.co/NSsARCpoSn",FALSE,0,NA,2019-02-25 18:41:42,FALSE,NA,"1100103559604039681",NA,"<a href=""http://twitter.com/download/iphone"" rel=""nofollow"">Twitter for iPhone</a>","DunnJeffry",4,TRUE,FALSE,NA,NA
"74","#March is coming in like a lion, so much so that it's worth reminding you about winter health risks. #Pets, like us‚Ä¶ https://t.co/c07aVjIlCw",FALSE,0,NA,2019-02-25 18:41:25,TRUE,NA,"1100103487944384512",NA,"<a href=""http://www.facebook.com/twitter"" rel=""nofollow"">Facebook</a>","elmwoodgrove",0,FALSE,FALSE,NA,NA
"75","RT @nowthatsbully: Who‚Äôs side are you on? #dogs #pets https://t.co/Y743YWznCd",FALSE,0,NA,2019-02-25 18:41:18,FALSE,NA,"1100103459884421121",NA,"<a href=""http://twitter.com/download/android"" rel=""nofollow"">Twitter for Android</a>","juanmecha",159,TRUE,FALSE,NA,NA
"76","RT @SupportPets: @andibeth012 Please pass it on! So awesome! #ThatsWhatFriendsAreFor ! #ServiceDog #dogs #cats #horses all #animal Lovers #‚Ä¶",FALSE,0,NA,2019-02-25 18:40:45,FALSE,NA,"1100103322827145216",NA,"<a href=""https://mobile.twitter.com"" rel=""nofollow"">Twitter Web App</a>","55DoxMom",2,TRUE,FALSE,NA,NA
"77","RT @HelpingLostPets: #dogs LOST #Magnolia TX,USA, Australian Cattle Dog, Feb.24/19, https://t.co/8ja9FsqsCW @LostDogTX",FALSE,0,NA,2019-02-25 18:40:42,FALSE,NA,"1100103310693019652",NA,"<a href=""http://twitter.com"" rel=""nofollow"">Twitter Web Client</a>","NiomiNiomid",3,TRUE,FALSE,NA,NA
"78","Thank you @random_viktor for capturing the playfulness of Lucas #aussiesofinstagram #aussiepuppy‚Ä¶ https://t.co/GvTCKlMl9s",FALSE,0,NA,2019-02-25 18:40:35,TRUE,NA,"1100103279558615040",NA,"<a href=""http://instagram.com"" rel=""nofollow"">Instagram</a>","TheIntuitiveDoc",0,FALSE,FALSE,NA,NA
"79","Did You Know: Dogs have a total of 42 teeth? During puppyhood, dogs only have 28 teeth, but eventually their perman‚Ä¶ https://t.co/h95mghEuaP",FALSE,0,NA,2019-02-25 18:40:11,TRUE,NA,"1100103177620410368",NA,"<a href=""https://www.hootsuite.com"" rel=""nofollow"">Hootsuite Inc.</a>","24petwatch",0,FALSE,FALSE,NA,NA
"80","Sniff has decided her bed is better outside my office.
#dogs https://t.co/fvHGTmk6fO",FALSE,0,NA,2019-02-25 18:40:07,FALSE,NA,"1100103163007434752",NA,"<a href=""https://mobile.twitter.com"" rel=""nofollow"">Twitter Web App</a>","zomB96",0,FALSE,FALSE,NA,NA
"81","RT @dogofthedaycom: Monday‚Äôs Dog of the Day is #cute Thor, a #GermanShepherd #labradorretriever Retriever mix  #love - read his tale https:‚Ä¶",FALSE,0,NA,2019-02-25 18:40:06,FALSE,NA,"1100103158695714822",NA,"<a href=""http://twitter.com"" rel=""nofollow"">Twitter Web Client</a>","AngelMabel19761",1,TRUE,FALSE,NA,NA
"82","Madlene The Border Collie https://t.co/Oe553pIA4O #bordercollie #Dogs #bordercolliefc",FALSE,0,NA,2019-02-25 18:39:59,FALSE,NA,"1100103130900033537",NA,"<a href=""http://www.bordercolliefanclub.com"" rel=""nofollow"">Monarch-Border-Collie</a>","bordercolliefc",0,FALSE,FALSE,NA,NA
"83","RT @nowthatsbully: Who‚Äôs side are you on? #dogs #pets https://t.co/Y743YWznCd",FALSE,0,NA,2019-02-25 18:39:51,FALSE,NA,"1100103095738982400",NA,"<a href=""http://twitter.com/download/android"" rel=""nofollow"">Twitter for Android</a>","gaaiil_",159,TRUE,FALSE,NA,NA
"84","RT @BellaInxs2: This is the Mom instinct !!!       #PuppyPower #puppies #love #dogs #animals ‚ô•Ô∏èüê∂.    https://t.co/Bfj4TEZmLB",FALSE,0,NA,2019-02-25 18:39:49,FALSE,NA,"1100103086704451586",NA,"<a href=""http://twitter.com/download/android"" rel=""nofollow"">Twitter for Android</a>","Katherinebeech4",1477,TRUE,FALSE,NA,NA
"85","RT @Cat_Kapow: üá∫üáæ.@adrianlandarte Adrian Landarte Vice President #FCI Americas &amp; Caribbean  please Boycott #WorldDogShow #Shanghai üá®üá≥üëø
#Chi‚Ä¶",FALSE,0,NA,2019-02-25 18:39:08,FALSE,NA,"1100102915874844678",NA,"<a href=""https://mobile.twitter.com"" rel=""nofollow"">Twitter Web App</a>","MariaOD05737730",67,TRUE,FALSE,NA,NA
"86","On Mondays we are super shiny üåöüåöüåö #pug #pugs #puppy #pugsofinstagram #instagood #dog #dogs #love #animal #pet‚Ä¶ https://t.co/q2600KvsOw",FALSE,0,NA,2019-02-25 18:39:06,TRUE,NA,"1100102906953363456",NA,"<a href=""http://instagram.com"" rel=""nofollow"">Instagram</a>","bubblebeccapugs",0,FALSE,FALSE,NA,NA
"87","RT @akstoneman: Northern Classic's Dubh Flynn #roughcollies #Dogs #DogsOfTwitter #collies #hikingadventures https://t.co/r0jVMg6a2I",FALSE,0,NA,2019-02-25 18:38:59,FALSE,NA,"1100102878050598912",NA,"<a href=""http://twitter.com"" rel=""nofollow"">Twitter Web Client</a>","Ojibway_Faith",72,TRUE,FALSE,NA,NA
"88","Enjoying a sunny Monday with this golden boy.  #athensga #sunshine #monday #realtor #uga #dogsofinstagram #dogs https://t.co/oP3rccoc8k",FALSE,0,NA,2019-02-25 18:38:58,FALSE,NA,"1100102871356452865",NA,"<a href=""http://instagram.com"" rel=""nofollow"">Instagram</a>","ourtownsells",0,FALSE,FALSE,NA,NA
"89","RT @Rupertdoo: Fun in the snow ‚ùÑÔ∏è #LoveACanine #doglife#dogsarefamily #dogloveshumans #dogattention #dogs #dogsoftwitter #DogCelebration #p‚Ä¶",FALSE,0,NA,2019-02-25 18:38:55,FALSE,NA,"1100102859419516936",NA,"<a href=""http://twitter.com/download/android"" rel=""nofollow"">Twitter for Android</a>","robin19921985",34,TRUE,FALSE,NA,NA
"90","image ~ #Dog #Dogs #Woof #Woofies #DogWoofies https://t.co/VVciHpexqW https://t.co/2OV5J5M9VO",FALSE,0,NA,2019-02-25 18:38:46,FALSE,NA,"1100102822060789760",NA,"<a href=""https://ifttt.com"" rel=""nofollow"">IFTTT</a>","Dog_Woofies",0,FALSE,FALSE,NA,NA
"91","RT @res_pet: Lots of exciting developments in the works for $LRSV ! #pet #dogs #cats #CBD #Hemp. We look forward to updating shareholders v‚Ä¶",FALSE,0,NA,2019-02-25 18:38:35,FALSE,NA,"1100102777873801217",NA,"<a href=""https://mobile.twitter.com"" rel=""nofollow"">Twitter Web App</a>","Bosskazakboys02",56,TRUE,FALSE,NA,NA
"92","RT @AMY_WORDS: Soon out !
#photography #dogs #dogsoftwitter #balticsea #Ostsee #polarbear #ice #fotografie #animals #Weather #Wetter #Hunde‚Ä¶",FALSE,0,NA,2019-02-25 18:38:30,FALSE,NA,"1100102754658385922",NA,"<a href=""http://twitter.com"" rel=""nofollow"">Twitter Web Client</a>","AMY_WORDS",112,TRUE,FALSE,NA,NA
"93","RT @AMY_WORDS: üê∂ Me - a few weeks old - hanging out in the sun - being super cute üê∂
                          So you better like me or i ea‚Ä¶",FALSE,0,NA,2019-02-25 18:38:22,FALSE,NA,"1100102722345410561",NA,"<a href=""http://twitter.com"" rel=""nofollow"">Twitter Web Client</a>","AMY_WORDS",12,TRUE,FALSE,NA,NA
"94","RT @AMY_WORDS: Swedish old school cooking: ü•ò
What do you want for dinner ?

#dogs #dogsoftwitter #dogsofinstagram #dogsarelove #cookingmast‚Ä¶",FALSE,0,NA,2019-02-25 18:38:13,FALSE,NA,"1100102685196455936",NA,"<a href=""http://twitter.com"" rel=""nofollow"">Twitter Web Client</a>","AMY_WORDS",19,TRUE,FALSE,NA,NA
"95","RT @SupportPets: @andibeth012 Please pass it on! So awesome! #ThatsWhatFriendsAreFor ! #ServiceDog #dogs #cats #horses all #animal Lovers #‚Ä¶",FALSE,0,NA,2019-02-25 18:38:06,FALSE,NA,"1100102655051845632",NA,"<a href=""http://twitter.com"" rel=""nofollow"">Twitter Web Client</a>","andibeth012",2,TRUE,FALSE,NA,NA
"96","RT @AMY_WORDS: I worked hard on my new face expression !
                 I call it ""moon of steel"" üåë
üêàüí® Cats are not coming to me anymore.‚Ä¶",FALSE,0,NA,2019-02-25 18:38:05,FALSE,NA,"1100102650538938368",NA,"<a href=""http://twitter.com"" rel=""nofollow"">Twitter Web Client</a>","AMY_WORDS",26,TRUE,FALSE,NA,NA
"97","RT @AMY_WORDS: Dirty paws in da woodz -makes me feel so goodz üêæ
-Amy the poet 2019-

#dogs #DogsofTwittter #dogsofinstagram #forest #wood #‚Ä¶",FALSE,0,NA,2019-02-25 18:37:56,FALSE,NA,"1100102614124032000",NA,"<a href=""http://twitter.com"" rel=""nofollow"">Twitter Web Client</a>","AMY_WORDS",16,TRUE,FALSE,NA,NA
"98","RT @MeowMiya88: Thank you for not looking away
#NYC #cats #dogs #SaveALife #SaveThemAll https://t.co/7h3nvtOy3J",FALSE,0,NA,2019-02-25 18:37:39,FALSE,NA,"1100102542518673408",NA,"<a href=""http://twitter.com/download/android"" rel=""nofollow"">Twitter for Android</a>","SwiftWriter",76,TRUE,FALSE,NA,NA
"99",".@BellaAndDuke Complete Working Dog range gives active #dogs everything they need to maintain fitness Their Turkey‚Ä¶ https://t.co/DvSGZ2jO3y",FALSE,0,NA,2019-02-25 18:37:21,TRUE,NA,"1100102464320221185",NA,"<a href=""https://about.twitter.com/products/tweetdeck"" rel=""nofollow"">TweetDeck</a>","GoodVetGuide",0,FALSE,FALSE,NA,NA
"100","RT @res_pet: Lots of exciting developments in the works for $LRSV ! #pet #dogs #cats #CBD #Hemp. We look forward to updating shareholders v‚Ä¶",FALSE,0,NA,2019-02-25 18:36:55,FALSE,NA,"1100102356132347904",NA,"<a href=""http://twitter.com"" rel=""nofollow"">Twitter Web Client</a>","np2ez4me",56,TRUE,FALSE,NA,NA
